Metric,Value
Precision,0.9246853653582893
Recall,0.8978679430596503
mAP@0.5,0.9527999770452734
mAP@0.5:0.95,0.8323974848430651
